Designator,Footprint,Quantity,Value,LCSC Part #,Price
C1,Capacitor_SMD:C_0805_2012Metric_Pad1.18x1.45mm_HandSolder,1,10u,C83061,$0.02 
C2,Capacitor_SMD:C_0805_2012Metric_Pad1.18x1.45mm_HandSolder,1,10u,C83061,$0.02 
C3,Capacitor_SMD:C_0805_2012Metric_Pad1.18x1.45mm_HandSolder,1,10u,C83061,$0.02 
C4,Capacitor_SMD:C_0603_1608Metric_Pad1.08x0.95mm_HandSolder,1,22u,C126630,$0.10 
C6,Capacitor_SMD:C_0805_2012Metric_Pad1.18x1.45mm_HandSolder,1,10u,C83061,$0.02 
C7,Capacitor_SMD:C_0805_2012Metric_Pad1.18x1.45mm_HandSolder,1,10u,C83061,$0.02 
C9,Capacitor_SMD:C_0603_1608Metric,1,100nF,C105907,$0.01 
C10,Capacitor_SMD:C_0603_1608Metric,1,100nF,C105907,$0.01 
C11,Capacitor_SMD:C_0603_1608Metric,1,1uF,C92848,$0.01 
C12,Capacitor_SMD:C_0603_1608Metric,1,100nF,C105907,$0.01 
C13,Capacitor_SMD:C_0603_1608Metric,1,100nF,C105907,$0.01 
D1,Diode_THT:D_DO-35_SOD27_P7.62mm_Horizontal,1,1N4148,C402212,$0.01 
D2,LED_SMD:LED_0603_1608Metric_Pad1.05x0.95mm_HandSolder,1,KT-0603R,C2286,$0.01 
D3,LED_SMD:LED_0603_1608Metric_Pad1.05x0.95mm_HandSolder,1,LED,C2286,$0.01 
D4,LED_SMD:LED_0603_1608Metric_Pad1.05x0.95mm_HandSolder,1,LED,C2690338,$0.04 
D6,LED_SMD:LED_0603_1608Metric_Pad1.05x0.95mm_HandSolder,1,LED,"
C72041",$0.03 
D7,LED_SMD:LED_0603_1608Metric_Pad1.05x0.95mm_HandSolder,1,LED,C72041,$0.02 
D8,Diode_THT:D_DO-35_SOD27_P7.62mm_Horizontal,1,1N4148,C14516,$0.01 
D9,Diode_SMD:D_SOD-323_HandSoldering,1,BZV55B3V3,C545375,$0.02 
J1,Connector_PinHeader_2.54mm:PinHeader_1x24_P2.54mm_Vertical,1,Conn_01x24_Socket,C725956,$0.43 
J2,Connector_PinHeader_2.54mm:PinHeader_1x04_P2.54mm_Vertical,1,Conn_01x04_Pin,C2691448,$0.02 
J3,Connector_PinHeader_2.54mm:PinHeader_1x03_P2.54mm_Vertical,1,Conn_01x03_Pin,C5116482,$0.05 
J4,Connector_PinHeader_2.54mm:PinHeader_1x03_P2.54mm_Vertical,1,Conn_01x03_Pin,C5116482,$0.05 
J5,Connector_PinHeader_2.54mm:PinHeader_1x10_P2.54mm_Vertical,1,Conn_01x10,C57369,$0.04 
J6,Connector_PinHeader_2.54mm:PinHeader_1x24_P2.54mm_Vertical,1,Conn_01x24_Socket,C725956,$0.43 
J8,Connector_USB:USB_Micro-B_Molex-105017-0001,1,USB_B_Micro,C404969,$0.03 
LED-Blue1,LED_SMD:LED_0603_1608Metric_Pad1.05x0.95mm_HandSolder,1,LED,C72041,$0.02 
LED-Red1,LED_SMD:LED_0603_1608Metric_Pad1.05x0.95mm_HandSolder,1,LED,C2286,$0.01 
LI-Ion_BAT1,Battery:BatteryHolder_Keystone_1042_1x18650,1,Battery,C238063,$3.39 
Q1,Package_TO_SOT_SMD:SOT-23,1,2N7002,C916396,$0.01 
Q2,Package_TO_SOT_THT:TO-220-3_Vertical,1,Q_Dual_NMOS_G1S2G2D2S1D1,C2664,$1.04 
Q3,Package_TO_SOT_THT:TO-92L_Inline,1,Q_PNP_BCE,C118537,$0.01 
R1,Resistor_SMD:R_0603_1608Metric,1,180k,C103362,$0.00 
R2,Resistor_SMD:R_0603_1608Metric,1,1k,C136938,$0.01 
R3,Resistor_SMD:R_0603_1608Metric,1,4.7k,C101354,$0.00 
R4,Resistor_SMD:R_0603_1608Metric,1,1k,C136938,$0.01 
R5,Resistor_SMD:R_0603_1608Metric,1,1k,C136938,$0.01 
R6,Resistor_SMD:R_0603_1608Metric,1,1.2k,C228142,$0.00 
R7,Resistor_SMD:R_0603_1608Metric,1,1k,C136938,$0.01 
R8,Resistor_SMD:R_0603_1608Metric,1,100,C22775,$0.00 
R9,Resistor_SMD:R_0603_1608Metric,1,1k,C136938,$0.01 
R10,Resistor_SMD:R_0603_1608Metric,1,10k,C217281,$0.00 
R11,OptoDevice:R_LDR_5.0x4.1mm_P3mm_Vertical,1,GL5516, C11299,$0.05 
R12,Resistor_SMD:R_0603_1608Metric,1,1k,C136938,$0.01 
R13,Resistor_SMD:R_0603_1608Metric,1,1k,C136938,$0.01 
R14,Resistor_SMD:R_0603_1608Metric,1,1k,C136938,$0.01 
R15,Resistor_SMD:R_0603_1608Metric,1,1k,C136938,$0.01 
R16,Resistor_SMD:R_0603_1608Metric,1,22k,C285211,$0.00 
R17,Resistor_SMD:R_0603_1608Metric,1,1k,C136938,$0.01 
R18,Resistor_SMD:R_0603_1608Metric,1,1k,C136938,$0.01 
R19,Resistor_SMD:R_0603_1608Metric,1,22k,C285211,$0.00 
R20,Resistor_SMD:R_0603_1608Metric,1,1k,C136938,$0.01 
R21,Resistor_SMD:R_0603_1608Metric,1,7.5k,C118366,$0.01 
R22,Resistor_SMD:R_0603_1608Metric,1,680,C176131,$0.00 
R23,Resistor_SMD:R_0603_1608Metric,1,10k,C217281,$0.00 
R24,Resistor_SMD:R_0603_1608Metric,1,10k,C217281,$0.00 
U1,Package_TO_SOT_SMD:SOT-23,1,TL432DBZ,C171428,$0.05 
U2,Package_SO:SOP-8_3.9x4.9mm_P1.27mm,1,TP4056,C725790,$0.08 
U3,Package_TO_SOT_SMD:SOT-23-6_Handsoldering,1,DW01A,C351410,$0.04 
U4,Package_TO_SOT_SMD:SOT-23-6,1,FS8205A,C2830320,$0.06 
U5,Package_TO_SOT_SMD:SOT-223,1,AMS1117-1.8,C489389,$0.08 
U6,Package_TO_SOT_SMD:SOT-223,1,AMS1117-3.3,C351784,$0.06 
U7,Package_SO:VSSOP-8_3.0x3.0mm_P0.65mm,1,74LVC2T45DC,C22672,$0.47 
U8,Package_TO_SOT_SMD:SuperSOT-6,1,SGP30-2.5k,C514454,$6.80 
U9,Package_SON:SON-8-1EP_3x2mm_P0.5mm_EP1.4x1.6mm,1,CAT24C128,C146751,$1.41 
U10,Package_SO:SSOP-20_3.9x8.7mm_P0.635mm,1,FT231XS,C132160,$3.10 
